id,name,type,external_id,dataset,platforms,domains,tactics,in_degree,out_degree,total_degree,degree_centrality,in_degree_centrality,out_degree_centrality,betweenness_centrality,closeness_centrality,community_id,platform_count,domain_count,tactic_count,name_length,description_length,type_code,cluster_id,anomaly_score,is_anomaly,pca_x,pca_y
course-of-action--059ba11e-e3dc-49aa-84ca-88197f40d4ea,Application Isolation and Sandboxing,course-of-action,M0948,ics,,ics-attack,,0,6,6,0.031578947368421,0.0,0.031578947368421,0.0,0.0,1,0,1,0,36,0,2,2,1,0,-1.2450520562944065,0.24784797140527237
course-of-action--11f242bc-3121-438c-84b2-5cbd46a4bb17,Filter Network Traffic,course-of-action,M0937,ics,,ics-attack,,0,15,15,0.0789473684210526,0.0,0.0789473684210526,0.0,0.0,0,0,1,0,22,0,2,0,1,0,-1.9078412247397223,3.4010743549335145
course-of-action--143b4398-3222-480a-b6a4-e131bc2d3144,Restrict Web-Based Content,course-of-action,M0921,ics,,ics-attack,,0,3,3,0.0157894736842105,0.0,0.0157894736842105,0.0,0.0,1,0,1,0,26,0,2,2,1,0,-1.1684005313093053,-0.8502967694171262
course-of-action--1cbcceef-3233-4062-aa86-ec91afe39517,Validate Program Inputs,course-of-action,M0818,ics,,ics-attack,,0,2,2,0.0105263157894736,0.0,0.0105263157894736,0.0,0.0,2,0,1,0,23,0,2,2,1,0,-1.172845509430297,-1.2835134872568699
course-of-action--1e7ccfc0-94c8-496e-8d27-032120892291,Network Segmentation,course-of-action,M0930,ics,,ics-attack,,0,28,28,0.1473684210526315,0.0,0.1473684210526315,0.0,0.0,0,0,1,0,20,0,2,0,-1,1,-2.7204931831745585,7.94337196105739
course-of-action--2ab9fc6d-3cf6-4d7b-85f1-3ad6949233b3,Restrict Library Loading,course-of-action,M0944,ics,,ics-attack,,0,1,1,0.0052631578947368,0.0,0.0052631578947368,0.0,0.0,0,0,1,0,24,0,2,2,1,0,-1.0343082175231315,-1.4913649095939185
course-of-action--2f0160b7-e982-49d7-9612-f19b810f1722,Active Directory Configuration,course-of-action,M0915,ics,,ics-attack,,0,1,1,0.0052631578947368,0.0,0.0052631578947368,0.0,0.0,1,0,1,0,30,0,2,2,1,0,-1.0042417852017325,-1.5314921799795451
course-of-action--3172222b-4983-43f7-8983-753ded4f13bc,Network Intrusion Prevention,course-of-action,M0931,ics,,ics-attack,,0,7,7,0.0368421052631578,0.0,0.0368421052631578,0.0,0.0,1,0,1,0,28,0,2,2,1,0,-1.3907264021642896,0.5598138173194407
course-of-action--3222a807-521b-4a1a-aa13-f1cda45734b3,Restrict Registry Permissions,course-of-action,M0924,ics,,ics-attack,,0,1,1,0.0052631578947368,0.0,0.0052631578947368,0.0,0.0,3,0,1,0,29,0,2,2,1,0,-1.081898028327144,-1.6737824160460508
course-of-action--337c4e2a-21a7-4d9a-bfee-9efd6cebf0e5,Data Loss Prevention,course-of-action,M0803,ics,,ics-attack,,0,2,2,0.0105263157894736,0.0,0.0105263157894736,0.0,0.0,0,0,1,0,20,0,2,2,1,0,-1.1375859148489498,-1.1603111574350573
course-of-action--3992ce42-43e9-4bea-b8db-a102ec3ec1e3,Access Management,course-of-action,M0801,ics,,ics-attack,,0,15,15,0.0789473684210526,0.0,0.0789473684210526,0.0,0.0,0,0,1,0,17,0,2,0,1,0,-1.960837035419803,3.377214472127648
course-of-action--469b78dd-a54d-4f7c-8c3b-4a1dd916b433,Mitigation Limited or Not Effective,course-of-action,M0816,ics,,ics-attack,,0,6,6,0.031578947368421,0.0,0.031578947368421,0.0,0.0,3,0,1,0,35,0,2,2,1,0,-1.3227082994198183,0.10555773533876667
course-of-action--49363b74-d506-4342-bd63-320586ebadb9,Exploit Protection,course-of-action,M0950,ics,,ics-attack,,0,5,5,0.0263157894736842,0.0,0.0263157894736842,0.0,0.0,1,0,1,0,18,0,2,2,1,0,-1.3749559259609427,-0.18818926509940048
course-of-action--49b306c1-a046-42c5-a4d2-30f264ada110,Limit Access to Resource Over Network,course-of-action,M0935,ics,,ics-attack,,0,1,1,0.0052631578947368,0.0,0.0052631578947368,0.0,0.0,4,0,1,0,37,0,2,2,1,0,-1.0306332717337128,-1.704365733309331
course-of-action--4fa717d9-cabe-47c8-8cdd-86e9e2e37f30,Execution Prevention,course-of-action,M0938,ics,,ics-attack,,0,7,7,0.0368421052631578,0.0,0.0368421052631578,0.0,0.0,1,0,1,0,20,0,2,2,1,0,-1.4755196992524187,0.5216380048300546
course-of-action--52c7a1a9-3a78-4528-a44f-cd7b0fa3541a,Static Network Configuration,course-of-action,M0814,ics,,ics-attack,,0,7,7,0.0368421052631578,0.0,0.0368421052631578,0.0,0.0,2,0,1,0,28,0,2,2,1,0,-1.4242549426589872,0.49105468756677434
course-of-action--5d97c693-e054-48ba-a3a3-eaf6942dfb65,Password Policies,course-of-action,M0927,ics,,ics-attack,,0,5,5,0.0263157894736842,0.0,0.0263157894736842,0.0,0.0,4,0,1,0,17,0,2,2,1,0,-1.4861407095810522,-0.3992386309185724
course-of-action--622fe4d4-0e8e-4d17-9c25-6c9cef1f15d5,Privileged Account Management,course-of-action,M0926,ics,,ics-attack,,0,6,6,0.031578947368421,0.0,0.031578947368421,0.0,0.0,1,0,1,0,29,0,2,2,1,0,-1.3192461912465194,0.21444413547705954
course-of-action--66cfe23e-34b6-4583-b178-ed6a412db2b0,Human User Authentication,course-of-action,M0804,ics,,ics-attack,,0,16,16,0.0842105263157894,0.0,0.0842105263157894,0.0,0.0,0,0,1,0,25,0,2,0,1,0,-1.9369247871134279,3.765531943020589
course-of-action--6a02e38a-9629-40c0-8c7d-e98e3470315c,SSL/TLS Inspection,course-of-action,M0920,ics,,ics-attack,,0,1,1,0.0052631578947368,0.0,0.0052631578947368,0.0,0.0,2,0,1,0,18,0,2,2,1,0,-1.1649602713286236,-1.6575150284662903
course-of-action--71eb7dad-07eb-4bbc-9df0-ac57bf2fba4a,Code Signing,course-of-action,M0945,ics,,ics-attack,,0,10,10,0.0526315789473684,0.0,0.0526315789473684,0.0,0.0,0,0,1,0,12,0,2,2,1,0,-1.7094276021911128,1.6026462973040037
course-of-action--72e46e53-e12d-4106-9c70-33241b6ed549,Software Process and Device Authentication,course-of-action,M0813,ics,,ics-attack,,0,17,17,0.0894736842105263,0.0,0.0894736842105263,0.0,0.0,0,0,1,0,42,0,2,0,1,0,-1.817620079582908,4.196797202964093
course-of-action--7f153c28-e5f1-4764-88fb-eea1d9b0ad4a,Encrypt Network Traffic,course-of-action,M0808,ics,,ics-attack,,0,5,5,0.0263157894736842,0.0,0.0263157894736842,0.0,0.0,0,0,1,0,23,0,2,2,1,0,-1.2884315747861643,-0.09557025254086793
course-of-action--86b455f2-fb63-4043-93a8-32a3a7703a02,Account Use Policies,course-of-action,M0936,ics,,ics-attack,,0,2,2,0.0105263157894736,0.0,0.0105263157894736,0.0,0.0,4,0,1,0,20,0,2,2,1,0,-1.2717000768277407,-1.4353476764457223
course-of-action--8a3aadd0-b5f4-433a-800e-4893e4196bb7,Application Developer Guidance,course-of-action,M0913,ics,,ics-attack,,0,1,1,0.0052631578947368,0.0,0.0052631578947368,0.0,0.0,1,0,1,0,30,0,2,2,1,0,-1.0042417852017325,-1.5314921799795451
course-of-action--8ac1d6e1-b07f-476a-9732-84984ebc2405,Boot Integrity,course-of-action,M0946,ics,,ics-attack,,0,2,2,0.0105263157894736,0.0,0.0105263157894736,0.0,0.0,0,0,1,0,14,0,2,2,1,0,-1.2011808876650465,-1.188943016802097
course-of-action--8bc4a54e-810c-4600-8b6c-08fa8413a401,Mechanical Protection Layers,course-of-action,M0805,ics,,ics-attack,,0,2,2,0.0105263157894736,0.0,0.0105263157894736,0.0,0.0,5,0,1,0,28,0,2,2,1,0,-1.2204353202343095,-1.4659309937090024
course-of-action--97f33c84-8508-45b9-8a1d-cac921828c9e,Update Software,course-of-action,M0951,ics,,ics-attack,,0,8,8,0.0421052631578947,0.0,0.0421052631578947,0.0,0.0,1,0,1,0,15,0,2,2,1,0,-1.5893965587142538,0.8479197804277459
course-of-action--98aa0d61-fc9d-4b2d-8f18-b25d03549f53,Watchdog Timers,course-of-action,M0815,ics,,ics-attack,,0,1,1,0.0052631578947368,0.0,0.0052631578947368,0.0,0.0,2,0,1,0,15,0,2,2,1,0,-1.1967577577366721,-1.67183095814981
course-of-action--99c746d7-a08a-4169-94f9-b8c0dad716fa,Operational Information Confidentiality,course-of-action,M0809,ics,,ics-attack,,0,1,1,0.0052631578947368,0.0,0.0052631578947368,0.0,0.0,0,0,1,0,39,0,2,2,1,0,-0.8753207854828894,-1.4197852611763195
course-of-action--9a945a29-5233-4422-a9e3-3e957b0e8bce,Operating System Configuration,course-of-action,M0928,ics,,ics-attack,,0,2,2,0.0105263157894736,0.0,0.0105263157894736,0.0,0.0,3,0,1,0,30,0,2,2,1,0,-1.1321799149728817,-1.3188687810813235
course-of-action--9e3adcad-0b8f-4ecc-a2f3-06f607f53bf0,Limit Hardware Installation,course-of-action,M0934,ics,,ics-attack,,0,1,1,0.0052631578947368,0.0,0.0052631578947368,0.0,0.0,3,0,1,0,27,0,2,2,1,0,-1.1030963525991762,-1.6833263691683975
course-of-action--9f99fcfd-772e-4e63-9d39-e45612e546dc,Encrypt Sensitive Information,course-of-action,M0941,ics,,ics-attack,,0,7,7,0.0368421052631578,0.0,0.0368421052631578,0.0,0.0,0,0,1,0,29,0,2,2,1,0,-1.3465986995335755,0.6333449236332802
course-of-action--aadac250-bcdc-44e3-a4ae-f52bd0a7a16a,Network Allowlists,course-of-action,M0807,ics,,ics-attack,,0,23,23,0.1210526315789473,0.0,0.1210526315789473,0.0,0.0,2,0,1,0,18,0,2,0,1,0,-2.5043433445272156,6.045601456411934
course-of-action--ac8f3492-7fbb-4a0a-b0b4-b75ec676136c,Supply Chain Management,course-of-action,M0817,ics,,ics-attack,,0,1,1,0.0052631578947368,0.0,0.0052631578947368,0.0,0.0,1,0,1,0,23,0,2,2,1,0,-1.0784359201538454,-1.5648960159077578
course-of-action--ad12819e-3211-4291-b360-069f280cff0a,Data Backup,course-of-action,M0953,ics,,ics-attack,,0,10,10,0.0526315789473684,0.0,0.0526315789473684,0.0,0.0,2,0,1,0,11,0,2,2,1,0,-1.7870838453165245,1.460356061237498
course-of-action--b11cad63-ef30-4eb8-af0d-6cc46eef3f3e,Out-of-Band Communications Channel,course-of-action,M0810,ics,,ics-attack,,0,12,12,0.0631578947368421,0.0,0.0631578947368421,0.0,0.0,2,0,1,0,34,0,2,0,1,0,-1.665065213751662,2.2703948389515953
course-of-action--bcf91ebc-f316-4e19-b2f6-444e9940c697,Audit,course-of-action,M0947,ics,,ics-attack,,0,14,14,0.0736842105263157,0.0,0.0736842105263157,0.0,0.0,0,0,1,0,5,0,2,0,1,0,-2.0271459322702423,2.969809094990012
course-of-action--c7257b6e-4159-4771-b1f3-2bb93adaecac,Communication Authenticity,course-of-action,M0802,ics,,ics-attack,,0,16,16,0.0842105263157894,0.0,0.0842105263157894,0.0,0.0,0,0,1,0,26,0,2,0,1,0,-1.9263256249774119,3.770303919581762
course-of-action--d0909119-2f71-4923-87db-b649881672d7,Disable or Remove Feature or Program,course-of-action,M0942,ics,,ics-attack,,0,8,8,0.0421052631578947,0.0,0.0421052631578947,0.0,0.0,1,0,1,0,36,0,2,2,1,0,-1.3668141538579148,0.9481312882123843
course-of-action--d48b79b2-076d-483e-949c-0d38aa347499,Threat Intelligence Program,course-of-action,M0919,ics,,ics-attack,,0,3,3,0.0157894736842105,0.0,0.0157894736842105,0.0,0.0,1,0,1,0,27,0,2,2,1,0,-1.1578013691732891,-0.8455247928559528
course-of-action--da44255d-85c5-492c-baf3-ee823d44f848,Safety Instrumented Systems,course-of-action,M0812,ics,,ics-attack,,0,2,2,0.0105263157894736,0.0,0.0105263157894736,0.0,0.0,5,0,1,0,27,0,2,2,1,0,-1.2310344823703256,-1.4707029702701757
course-of-action--dc61c280-c29d-44e5-a960-c0dd1623d2ba,User Training,course-of-action,M0917,ics,,ics-attack,,0,4,4,0.0210526315789473,0.0,0.0210526315789473,0.0,0.0,0,0,1,0,13,0,2,2,1,0,-1.333542147364571,-0.4934316765561582
course-of-action--ddf3e568-f065-49e2-9106-42029a28ddbd,Multi-factor Authentication,course-of-action,M0932,ics,,ics-attack,,0,3,3,0.0157894736842105,0.0,0.0157894736842105,0.0,0.0,4,0,1,0,27,0,2,2,1,0,-1.2583869906573826,-1.0518021821139518
course-of-action--de0bc375-50e1-4e26-a342-a8ff8c9d3037,Vulnerability Scanning,course-of-action,M0916,ics,,ics-attack,,0,3,3,0.0157894736842105,0.0,0.0157894736842105,0.0,0.0,1,0,1,0,22,0,2,2,1,0,-1.2107971798533697,-0.8693846756618192
course-of-action--e0d38502-decb-481d-ad8b-b8f0a0c330bd,Authorization Enforcement,course-of-action,M0800,ics,,ics-attack,,0,13,13,0.0684210526315789,0.0,0.0684210526315789,0.0,0.0,0,0,1,0,25,0,2,0,1,0,-1.7542816407681654,2.7151069678099224
course-of-action--e57ebc6d-785f-40c8-adb1-b5b5e09b3b48,User Account Management,course-of-action,M0918,ics,,ics-attack,,0,6,6,0.031578947368421,0.0,0.031578947368421,0.0,0.0,0,0,1,0,23,0,2,2,1,0,-1.3493126235679185,0.2545714058626862
course-of-action--f0f5c87a-a58d-440a-b3b5-ca679d98c6dd,Redundancy of Service,course-of-action,M0811,ics,,ics-attack,,0,6,6,0.031578947368421,0.0,0.031578947368421,0.0,0.0,2,0,1,0,21,0,2,2,1,0,-1.4375680288293462,0.10750919323500724
course-of-action--f9fcb3ec-6de0-4559-8cd9-ef1c0c7d1971,Restrict File and Directory Permissions,course-of-action,M0922,ics,,ics-attack,,0,8,8,0.0421052631578947,0.0,0.0421052631578947,0.0,0.0,0,0,1,0,39,0,2,2,1,0,-1.3014881269551686,1.0312063476485702
course-of-action--facb8840-ebe7-49f1-b464-8ef6c8131e21,Software Configuration,course-of-action,M0954,ics,,ics-attack,,0,0,0,0.0,0.0,0.0,0.0,0.0,6,0,1,0,22,0,2,2,1,0,-1.195796735981596,-2.2636052996358162
course-of-action--faf2b40e-5981-433f-aa46-17458e0026f7,Antivirus/Antimalware,course-of-action,M0949,ics,,ics-attack,,0,3,3,0.0157894736842105,0.0,0.0157894736842105,0.0,0.0,1,0,1,0,21,0,2,2,1,0,-1.2213963419893858,-0.8741566522229924
course-of-action--fce6866f-9a87-4d3e-a73c-f02d8937fe0e,Minimize Wireless Signal Propagation,course-of-action,M0806,ics,,ics-attack,,0,2,2,0.0105263157894736,0.0,0.0105263157894736,0.0,0.0,0,0,1,0,36,0,2,2,1,0,-0.9679993206726916,-1.0839595324562852
malware--00e7d565-9883-4ee5-b642-8fd17fd6a3f5,EKANS,malware,S0605,ics,Windows,enterprise-attack | ics-attack,,0,4,4,0.0210526315789473,0.0,0.0210526315789473,0.0,0.0,3,1,2,0,5,0,4,2,1,0,-2.7942886180957145,-0.4319196030784721
malware--083bb47b-02c8-4423-81a2-f9ef58572974,Backdoor.Oldrea,malware,S0093,ics,Windows,enterprise-attack | ics-attack,,1,8,9,0.0473684210526315,0.0052631578947368,0.0421052631578947,0.0003723196881091,0.0052631578947368,1,1,2,0,15,0,4,2,1,0,-2.8369841929046093,2.185491800180548
malware--088f1d6e-0783-47c6-9923-9c79b2af43d4,Stuxnet,malware,S0603,ics,Windows,enterprise-attack | ics-attack,,0,25,25,0.131578947368421,0.0,0.131578947368421,0.0,0.0,0,1,2,0,7,0,4,0,-1,1,-3.951006696756427,7.136876565776543
malware--2eaa5319-5e1e-4dd7-bbc4-566fced3964a,Bad Rabbit,malware,S0606,ics,Windows,enterprise-attack | ics-attack,,1,5,6,0.031578947368421,0.0052631578947368,0.0263157894736842,0.0,0.0052631578947368,1,1,2,0,10,0,4,2,1,0,-2.4103391763335407,0.340804665376603
malware--4dcff507-5af8-47ce-964a-8d9569e9ccfe,PLC-Blaster,malware,S1006,ics,,ics-attack,,0,8,8,0.0421052631578947,0.0,0.0421052631578947,0.0,0.0,0,0,1,0,11,0,4,2,1,0,-2.0412908903097406,0.8277297198223009
malware--54cc1d4f-5c53-4f0e-9ef5-11b4998e82e4,BlackEnergy,malware,S0089,ics,Windows,enterprise-attack | ics-attack,,2,3,5,0.0263157894736842,0.0105263157894736,0.0157894736842105,0.0,0.0105263157894736,1,1,2,0,11,0,4,2,1,0,-1.9532003177595632,-0.09350220712901482
malware--5719af9d-6b16-46f9-9b28-fb019541ddbb,NotPetya,malware,S0368,ics,Windows,enterprise-attack | ics-attack,,1,3,4,0.0210526315789473,0.0052631578947368,0.0157894736842105,0.0,0.0052631578947368,1,1,2,0,8,0,4,2,1,0,-2.3097754030420643,-0.36902260455285546
malware--58eddbaf-7416-419a-ad7b-e65b9d4c3b55,Conficker,malware,S0608,ics,Windows,enterprise-attack | ics-attack,,0,3,3,0.0157894736842105,0.0,0.0157894736842105,0.0,0.0,3,1,2,0,9,0,4,2,1,0,-2.6910109207698962,-0.7629733552373332
malware--5af7a825-2d9f-400d-931a-e00eb9e27f48,LockerGoga,malware,S0372,ics,Windows,enterprise-attack | ics-attack,,1,3,4,0.0210526315789473,0.0052631578947368,0.0157894736842105,0.0,0.0052631578947368,3,1,2,0,10,0,4,2,1,0,-2.3556341597594272,-0.49699691093584125
malware--6108f800-10b8-4090-944e-be579f01263d,VPNFilter,malware,S1010,ics,Network Devices | Linux,ics-attack | enterprise-attack,,1,2,3,0.0157894736842105,0.0052631578947368,0.0105263157894736,0.0,0.0052631578947368,1,2,2,0,9,0,4,2,1,0,-2.5599192617039743,-0.4731913307329811
malware--68dca94f-c11d-421e-9287-7c501108e18c,Duqu,malware,S0038,ics,Windows,enterprise-attack | ics-attack,,0,3,3,0.0157894736842105,0.0,0.0157894736842105,0.0,0.0,0,1,2,0,4,0,4,2,1,0,-2.6434211099658835,-0.5805558487852008
malware--6a0d0ea9-b2c4-43fe-a552-ac41a3009dc5,Industroyer2,malware,S1072,ics,Field Controller/RTU/PLC/IED | Engineering Workstation,ics-attack | enterprise-attack,,1,7,8,0.0421052631578947,0.0052631578947368,0.0368421052631578,0.0,0.0052631578947368,2,2,2,0,12,0,4,2,1,0,-2.866055559699394,1.2230737612156504
malware--75ecdbf1-c2bb-4afc-a3f9-c8da4de8c661,WannaCry,malware,S0366,ics,Windows,enterprise-attack | ics-attack,,1,2,3,0.0157894736842105,0.0052631578947368,0.0105263157894736,0.0,0.0052631578947368,1,1,2,0,8,0,4,2,1,0,-2.2488943542603095,-0.719164262956411
malware--80099a91-4c86-4bea-9ccb-dac55d61960e,Triton,malware,S1009,ics,,ics-attack,,2,18,20,0.1052631578947368,0.0105263157894736,0.0947368421052631,0.0,0.0105263157894736,0,0,1,0,6,0,4,0,-1,1,-2.053541991058458,4.82769535653263
malware--931e2489-8078-4f9f-85b2-a9211950e75b,Fuxnet,malware,S1157,ics,Input/Output Server | Control Server,ics-attack,,0,6,6,0.031578947368421,0.0,0.031578947368421,0.0,0.0,2,2,1,0,6,0,4,2,1,0,-2.68282982357507,0.4484701720285038
malware--a020a61c-423f-4195-8c46-ba1d21abba37,Ryuk,malware,S0446,ics,Windows,enterprise-attack | ics-attack,,2,1,3,0.0157894736842105,0.0105263157894736,0.0052631578947368,0.0,0.0105263157894736,3,1,2,0,4,0,4,2,1,0,-1.9726894361375629,-0.964707619369672
malware--a4a98eab-b691-45d9-8c48-869ef8fefd57,ACAD/Medre.A,malware,S1000,ics,,ics-attack,,0,2,2,0.0105263157894736,0.0,0.0105263157894736,0.0,0.0,0,0,1,0,12,0,4,2,1,0,-1.6654054354831989,-1.2683482540378612
malware--ac61f1f9-7bb1-465e-9b8a-c2ce8e88baf5,REvil,malware,S0496,ics,Windows,enterprise-attack | ics-attack,,2,8,10,0.0526315789473684,0.0105263157894736,0.0421052631578947,0.0,0.0105263157894736,1,1,2,0,5,0,4,2,1,0,-2.3212005344844306,1.628574225521723
malware--b34df04a-9d30-4d84-a03f-0d536ee19a05,FrostyGoop,malware,S1165,ics,Control Server | Field Controller/RTU/PLC/IED,ics-attack,,1,5,6,0.031578947368421,0.0052631578947368,0.0263157894736842,0.0002127541074909,0.0052631578947368,2,2,1,0,10,0,4,2,1,0,-2.424487487892437,0.8188507600598816
malware--d3aa1058-b1b3-4c29-a3ba-9a9b90ccd93b,INCONTROLLER,malware,S1045,ics,Field Controller/RTU/PLC/IED | Safety Instrumented System/Protection Relay | Engineering Workstation | Windows,ics-attack,,0,17,17,0.0894736842105263,0.0,0.0894736842105263,0.0,0.0,2,4,1,0,12,0,4,0,-1,1,-3.93217452651763,4.811062185159171
malware--e221eb77-1502-4129-af1d-fe1ad55e7ec6,KillDisk,malware,S0607,ics,Linux | Windows,enterprise-attack | ics-attack,,3,4,7,0.0368421052631578,0.0157894736842105,0.0210526315789473,0.0002127541074909,0.0157894736842105,2,2,2,0,8,0,4,2,-1,1,-2.2459668246669264,1.1161996876908498
malware--e401d4fe-f0c9-44f0-98e6-f93487678808,Industroyer,malware,S0604,ics,Windows,enterprise-attack | ics-attack,,2,24,26,0.1368421052631579,0.0105263157894736,0.1263157894736842,0.0012233361180729,0.0105263157894736,2,1,2,0,11,0,4,0,-1,1,-4.241080405647699,9.722035256180492
malware--ff6840c9-4c87-4d07-bbb6-9f50aa33d498,Flame,malware,S0143,ics,Windows,enterprise-attack | ics-attack,,0,2,2,0.0105263157894736,0.0,0.0105263157894736,0.0,0.0,0,1,2,0,5,0,4,2,1,0,-2.571940899048113,-0.9259255306275852
x-mitre-tactic--298fe907-7931-4fd2-8131-2814dd493134,Inhibit Response Function,x-mitre-tactic,TA0107,ics,,ics-attack,,0,0,0,0.0,0.0,0.0,0.0,0.0,7,0,1,0,25,0,5,2,1,0,-1.8620671253874257,-2.4228404258750897
x-mitre-tactic--33752ae7-f875-4f43-bdb6-d8d02d341046,Privilege Escalation,x-mitre-tactic,TA0111,ics,,ics-attack,,0,0,0,0.0,0.0,0.0,0.0,0.0,8,0,1,0,20,0,5,2,1,0,-1.948591476562204,-2.5154594384336226
x-mitre-tactic--51c25a9e-8615-40c0-8afd-1da578847924,Lateral Movement,x-mitre-tactic,TA0109,ics,,ics-attack,,0,0,0,0.0,0.0,0.0,0.0,0.0,9,0,1,0,16,0,5,2,1,0,-2.0245166656009665,-2.6033064744309815
x-mitre-tactic--696af733-728e-49d7-8261-75fdc590f453,Discovery,x-mitre-tactic,TA0102,ics,,ics-attack,,0,0,0,0.0,0.0,0.0,0.0,0.0,10,0,1,0,9,0,5,2,1,0,-2.1322393410477773,-2.7054694401118606
x-mitre-tactic--69da72d2-f550-41c5-ab9e-e8255707f28a,Initial Access,x-mitre-tactic,TA0108,ics,,ics-attack,,0,0,0,0.0,0.0,0.0,0.0,0.0,11,0,1,0,14,0,5,2,1,0,-2.1127720708623943,-2.750368687058661
x-mitre-tactic--77542f83-70d0-40c2-8a9d-ad2eb8b00279,Impact,x-mitre-tactic,TA0105,ics,,ics-attack,,0,0,0,0.0,0.0,0.0,0.0,0.0,12,0,1,0,6,0,5,2,1,0,-2.2310939084452213,-2.857303629300713
x-mitre-tactic--78f1d2ae-a579-44c4-8fc5-3e1775c73fac,Persistence,x-mitre-tactic,TA0110,ics,,ics-attack,,0,0,0,0.0,0.0,0.0,0.0,0.0,13,0,1,0,11,0,5,2,1,0,-2.211626638259838,-2.9022028762475127
x-mitre-tactic--93bf9a8e-b14c-4587-b6d5-9efc7c12eb45,Execution,x-mitre-tactic,TA0104,ics,,ics-attack,,0,0,0,0.0,0.0,0.0,0.0,0.0,14,0,1,0,9,0,5,2,1,0,-2.266353503026568,-2.9805059591225254
x-mitre-tactic--97c8ff73-bd14-4b6c-ac32-3d91d2c41e3f,Command and Control,x-mitre-tactic,TA0101,ics,,ics-attack,,0,0,0,0.0,0.0,0.0,0.0,0.0,15,0,1,0,19,0,5,2,1,0,-2.193890422161105,-3.0015453232634592
x-mitre-tactic--b2a67b1e-913c-46f6-b219-048a90560bb9,Collection,x-mitre-tactic,TA0100,ics,,ics-attack,,0,0,0,0.0,0.0,0.0,0.0,0.0,16,0,1,0,10,0,5,2,1,0,-2.3228114218799476,-3.113252242066685
x-mitre-tactic--ddf70682-f3ce-479c-a9a4-7eadf9bfead7,Evasion,x-mitre-tactic,TA0103,ics,,ics-attack,,0,0,0,0.0,0.0,0.0,0.0,0.0,17,0,1,0,7,0,5,2,1,0,-2.388137448782694,-3.196327301502871
x-mitre-tactic--ff048b6c-b872-4218-b68c-3735ebd1f024,Impair Process Control,x-mitre-tactic,TA0106,ics,,ics-attack,,0,0,0,0.0,0.0,0.0,0.0,0.0,18,0,1,0,22,0,5,2,1,0,-2.2626785572371495,-3.193506782837938
attack-pattern--008b8f56-6107-48be-aa9f-746f927dbb61,Block Command Message,attack-pattern,T0803,ics,,ics-attack,inhibit-response-function,5,0,5,0.0263157894736842,0.0263157894736842,0.0,0.0,0.0286549707602339,2,0,1,1,21,0,0,1,1,0,1.6846806110601833,-0.59671710005096
attack-pattern--063b5b92-5361-481a-9c3f-95492ed9a2d8,Service Stop,attack-pattern,T0881,ics,,ics-attack,inhibit-response-function,9,0,9,0.0473684210526315,0.0473684210526315,0.0,0.0,0.056390977443609,3,0,1,1,12,0,0,1,1,0,2.977311807555755,0.36351746262781975
attack-pattern--097924ce-a9a9-4039-8591-e0deedfb8722,Modify Parameter,attack-pattern,T0836,ics,,ics-attack,impair-process-control,10,0,10,0.0526315789473684,0.0526315789473684,0.0,0.0,0.0530701754385964,2,0,1,1,16,0,0,1,1,0,3.220753407673588,0.6777320791029409
attack-pattern--09a61657-46e1-439e-b3ed-3e4556a78243,Modify Controller Tasking,attack-pattern,T0821,ics,,ics-attack,execution,7,0,7,0.0368421052631578,0.0368421052631578,0.0,0.0,0.038755980861244,0,0,1,1,25,0,0,1,1,0,2.435897787387857,0.08057195323747537
attack-pattern--0fe075d5-beac-4d02-b93e-0f874997db72,Wireless Sniffing,attack-pattern,T0887,ics,,ics-attack,discovery | collection,2,0,2,0.0105263157894736,0.0105263157894736,0.0,0.0,0.0105263157894736,0,0,1,2,17,0,0,1,1,0,1.3393471156611432,-1.2601466430554442
attack-pattern--138979ba-0430-4de6-a128-2fc0b056ba36,Loss of View,attack-pattern,T0829,ics,,ics-attack,impact,9,0,9,0.0473684210526315,0.0473684210526315,0.0,0.0,0.0542936288088642,2,0,1,1,12,0,0,1,1,0,2.9724161776939924,0.42376477513154703
attack-pattern--19a71d1e-6334-4233-8260-b749cae37953,Activate Firmware Update Mode,attack-pattern,T0800,ics,,ics-attack,inhibit-response-function,9,0,9,0.0473684210526315,0.0473684210526315,0.0,0.0,0.0489878542510121,0,0,1,1,29,0,0,1,1,0,3.12245534455835,0.6208738386951119
attack-pattern--1af9e3fd-2bcc-414d-adbd-fe3b95c02ca1,Manipulation of Control,attack-pattern,T0831,ics,,ics-attack,impact,6,0,6,0.031578947368421,0.031578947368421,0.0,0.0,0.0336842105263157,2,0,1,1,23,0,0,1,1,0,2.026371071181586,-0.32691800555652034
attack-pattern--1b22b676-9347-4c55-9a35-ef0dc653db5b,Denial of Service,attack-pattern,T0814,ics,,ics-attack,inhibit-response-function,7,0,7,0.0368421052631578,0.0368421052631578,0.0,0.0,0.0404858299595141,2,0,1,1,17,0,0,1,1,0,2.3157388579048988,-0.08810175068452716
attack-pattern--1c478716-71d9-46a4-9a53-fa5d576adb60,Block Serial COM,attack-pattern,T0805,ics,,ics-attack,inhibit-response-function,5,0,5,0.0263157894736842,0.0263157894736842,0.0,0.0,0.0286549707602339,2,0,1,1,16,0,0,1,1,0,1.6316848003801026,-0.6205769828568263
attack-pattern--1c5cf58c-a34a-40d7-82f4-f987cdfc2b91,System Binary Proxy Execution,attack-pattern,T0894,ics,,ics-attack,evasion,2,0,2,0.0105263157894736,0.0105263157894736,0.0,0.0,0.0105263157894736,1,0,1,1,29,0,0,1,1,0,0.7858150217688348,-1.282888824712124
attack-pattern--24a9253e-8948-4c98-b751-8e2aee53127c,Command-Line Interface,attack-pattern,T0807,ics,,ics-attack,execution,9,0,9,0.0473684210526315,0.0473684210526315,0.0,0.0,0.0478468899521531,1,0,1,1,22,0,0,1,1,0,2.993829798761931,0.5140804174769097
attack-pattern--25852363-5968-4673-b81d-341d5ed90bd1,Point & Tag Identification,attack-pattern,T0861,ics,,ics-attack,collection,10,0,10,0.0526315789473684,0.0526315789473684,0.0,0.0,0.0530701754385964,0,0,1,1,26,0,0,1,1,0,3.3938021100231452,0.8629701042200059
attack-pattern--25dfc8ad-bd73-4dfd-84a9-3c3d383f76e9,Device Restart/Shutdown,attack-pattern,T0816,ics,,ics-attack,inhibit-response-function,11,0,11,0.0578947368421052,0.0578947368421052,0.0,0.0,0.059298245614035,0,0,1,1,23,0,0,1,1,0,3.704459757468009,1.1137746135457351
attack-pattern--2736b752-4ec5-4421-a230-8977dea7649c,User Execution,attack-pattern,T0863,ics,,ics-attack,execution,10,0,10,0.0526315789473684,0.0526315789473684,0.0,0.0,0.0573099415204678,1,0,1,1,14,0,0,1,1,0,3.3107576412258477,0.754153796157347
attack-pattern--2877063e-1851-48d2-bcc6-bc1d2733157e,Wireless Compromise,attack-pattern,T0860,ics,,ics-attack,initial-access,5,0,5,0.0263157894736842,0.0263157894736842,0.0,0.0,0.0263157894736842,0,0,1,1,19,0,0,1,1,0,1.6876847375267365,-0.47823605735022867
attack-pattern--2883c520-7957-46ca-89bd-dab1ad53b601,Change Operating Mode,attack-pattern,T0858,ics,,ics-attack,execution | evasion,10,0,10,0.0526315789473684,0.0526315789473684,0.0,0.0,0.0541353383458646,0,0,1,2,21,0,0,1,1,0,4.007513960362077,0.8546798174789735
attack-pattern--2900bbd8-308a-4274-b074-5b8bde8347bc,Alarm Suppression,attack-pattern,T0878,ics,,ics-attack,inhibit-response-function,5,0,5,0.0263157894736842,0.0263157894736842,0.0,0.0,0.0263157894736842,2,0,1,1,17,0,0,1,1,0,1.5994293322653088,-0.6252982699779076
attack-pattern--2aa406ed-81c3-4c1d-ba83-cfbee5a2847a,Detect Operating Mode,attack-pattern,T0868,ics,,ics-attack,collection,9,0,9,0.0473684210526315,0.0473684210526315,0.0,0.0,0.0489878542510121,0,0,1,1,21,0,0,1,1,0,3.0376620474702207,0.5826980262057259
attack-pattern--2bb4d762-bf4a-4bc3-9318-15cc6a354163,Loss of Protection,attack-pattern,T0837,ics,,ics-attack,impact,1,0,1,0.0052631578947368,0.0052631578947368,0.0,0.0,0.0094736842105263,2,0,1,1,18,0,0,2,1,0,0.3880564333549655,-1.6482562897499564
attack-pattern--2d0d40ad-22fa-4cc8-b264-072557e1364b,Monitor Process State,attack-pattern,T0801,ics,,ics-attack,collection,5,0,5,0.0263157894736842,0.0263157894736842,0.0,0.0,0.0306220095693779,2,0,1,1,21,0,0,1,1,0,1.7207174592256358,-0.5887341283181553
attack-pattern--2dc2b567-8821-49f9-9045-8740f3d0b958,Scripting,attack-pattern,T0853,ics,,ics-attack,execution,10,0,10,0.0526315789473684,0.0526315789473684,0.0,0.0,0.0555921052631579,1,0,1,1,9,0,0,1,1,0,3.226290461455329,0.7233222978348252
attack-pattern--2fedbe69-581f-447d-8a78-32ee7db939a9,Remote System Information Discovery,attack-pattern,T0888,ics,,ics-attack,discovery,6,0,6,0.031578947368421,0.031578947368421,0.0,0.0,0.0355263157894736,2,0,1,1,35,0,0,1,1,0,2.1873090381362927,-0.2621783416726657
attack-pattern--3067b85e-271e-4bc5-81ad-ab1a81d411e3,Program Upload,attack-pattern,T0845,ics,,ics-attack,collection,10,0,10,0.0526315789473684,0.0526315789473684,0.0,0.0,0.0541353383458646,0,0,1,1,14,0,0,1,1,0,3.28612632638016,0.8100292109126678
attack-pattern--32632a95-6856-47b9-9ab7-fea5cd7dce00,Exploit Public-Facing Application,attack-pattern,T0819,ics,,ics-attack,initial-access,7,0,7,0.0368421052631578,0.0368421052631578,0.0,0.0,0.0368421052631578,1,0,1,1,33,0,0,1,1,0,2.4520996646851696,0.04222142023416845
attack-pattern--3405891b-16aa-4bd7-bd7c-733501f9b20f,Data from Information Repositories,attack-pattern,T0811,ics,,ics-attack,collection,7,0,7,0.0368421052631578,0.0368421052631578,0.0,0.0,0.0368421052631578,0,0,1,1,34,0,0,1,1,0,2.4962273673158837,0.11575252654800795
attack-pattern--35392fb4-a31d-4c6a-b9f2-1c65b7f5e6b9,Transient Cyber Asset,attack-pattern,T0864,ics,,ics-attack,initial-access,6,0,6,0.031578947368421,0.031578947368421,0.0,0.0,0.031578947368421,0,0,1,1,21,0,0,1,1,0,2.0336606606732213,-0.2074876364875633
attack-pattern--36e9f5bc-ac13-4da4-a2f4-01f4877d9004,Manipulate I/O Image,attack-pattern,T0835,ics,,ics-attack,inhibit-response-function,3,0,3,0.0157894736842105,0.0157894736842105,0.0,0.0,0.0157894736842105,0,0,1,1,20,0,0,1,1,0,1.0487287019138436,-0.9958730162696956
attack-pattern--38213338-1aab-479d-949b-c81b66ccca5c,Network Sniffing,attack-pattern,T0842,ics,,ics-attack,discovery,8,0,8,0.0421052631578947,0.0421052631578947,0.0,0.0,0.0426315789473684,4,0,1,1,16,0,0,1,1,0,2.5057481775696906,0.01816088150505315
attack-pattern--3b6b9246-43f8-4c69-ad7a-2b11cfe0a0d9,Rootkit,attack-pattern,T0851,ics,,ics-attack,evasion | inhibit-response-function,3,0,3,0.0157894736842105,0.0157894736842105,0.0,0.0,0.0157894736842105,0,0,1,2,7,0,0,1,1,0,1.558133093175438,-1.0466619409268554
attack-pattern--3de230d4-3e42-4041-b089-17e1128feded,Automated Collection,attack-pattern,T0802,ics,,ics-attack,collection,5,0,5,0.0263157894736842,0.0263157894736842,0.0,0.0,0.0306220095693779,2,0,1,1,20,0,0,1,1,0,1.7101182970896196,-0.5935061048793285
attack-pattern--3f1f4ccb-9be2-4ff8-8f69-dd972221169b,Block Reporting Message,attack-pattern,T0804,ics,,ics-attack,inhibit-response-function,5,0,5,0.0263157894736842,0.0263157894736842,0.0,0.0,0.0286549707602339,2,0,1,1,23,0,0,1,1,0,1.7058789353322155,-0.5871731469286134
attack-pattern--40b300ba-f553-48bf-862e-9471b220d455,Unauthorized Command Message,attack-pattern,T0855,ics,,ics-attack,impair-process-control,13,0,13,0.0684210526315789,0.0684210526315789,0.0,0.0,0.0696594427244582,2,0,1,1,28,0,0,1,-1,1,4.336928652184018,1.5218550595963976
attack-pattern--493832d9-cea6-4b63-abe7-9a65a6473675,Data Destruction,attack-pattern,T0809,ics,,ics-attack,inhibit-response-function,7,0,7,0.0368421052631578,0.0368421052631578,0.0,0.0,0.0424561403508771,2,0,1,1,16,0,0,1,1,0,2.3412364804801413,-0.08487747822103225
attack-pattern--4c2e1408-9d68-4187-8e6b-a77bc52700ec,Manipulation of View,attack-pattern,T0832,ics,,ics-attack,impact,5,0,5,0.0263157894736842,0.0263157894736842,0.0,0.0,0.0286549707602339,2,0,1,1,20,0,0,1,1,0,1.674081448924167,-0.6014890766121332
attack-pattern--53a26eee-1080-4d17-9762-2027d5a1b805,Indicator Removal on Host,attack-pattern,T0872,ics,,ics-attack,evasion,4,0,4,0.0210526315789473,0.0210526315789473,0.0,0.0,0.0280701754385964,0,0,1,1,25,0,0,1,1,0,1.5550660022208065,-0.682328874676747
attack-pattern--53a48c74-0025-45f4-b04a-baa853df8204,I/O Image,attack-pattern,T0877,ics,,ics-attack,collection,2,0,2,0.0105263157894736,0.0105263157894736,0.0,0.0,0.0105263157894736,3,0,1,1,9,0,0,1,1,0,0.5067746980591166,-1.5158466154409218
attack-pattern--56ddc820-6cfb-407f-850b-52c035d123ac,Denial of View,attack-pattern,T0815,ics,,ics-attack,impact,5,0,5,0.0263157894736842,0.0263157894736842,0.0,0.0,0.0286549707602339,2,0,1,1,14,0,0,1,1,0,1.6104864761080704,-0.6301209359791728
attack-pattern--5a2610f6-9fff-41e1-bc27-575ca20383d4,Execution through API,attack-pattern,T0871,ics,,ics-attack,execution,5,0,5,0.0263157894736842,0.0263157894736842,0.0,0.0,0.0286549707602339,0,0,1,1,21,0,0,1,1,0,1.7517376920495786,-0.45919884054562754
attack-pattern--5e0f75da-e108-4688-a6de-a4f07cc2cbe3,Supply Chain Compromise,attack-pattern,T0862,ics,,ics-attack,initial-access,8,0,8,0.0421052631578947,0.0421052631578947,0.0,0.0,0.0421052631578947,1,0,1,1,23,0,0,1,1,0,2.6708856421994644,0.2557061223627573
attack-pattern--5fa00fdd-4a55-4191-94a0-564181d7fec2,Loss of Safety,attack-pattern,T0880,ics,,ics-attack,impact,3,0,3,0.0157894736842105,0.0157894736842105,0.0,0.0,0.018796992481203,5,0,1,1,14,0,0,1,1,0,0.8725898369467283,-1.356094899665739
attack-pattern--63b6942d-8359-4506-bfb3-cf87aa8120ee,Loss of Productivity and Revenue,attack-pattern,T0828,ics,,ics-attack,impact,11,0,11,0.0578947368421052,0.0578947368421052,0.0,0.0,0.0641604010025062,3,0,1,1,32,0,0,1,1,0,3.7883430052293883,0.9701774399921251
attack-pattern--648f995e-9c3a-41e4-aeee-98bb41037426,Spearphishing Attachment,attack-pattern,T0865,ics,,ics-attack,initial-access,10,0,10,0.0526315789473684,0.0526315789473684,0.0,0.0,0.0555921052631579,1,0,1,1,24,0,0,1,1,0,3.385277893495571,0.7949019462524242
attack-pattern--77d9c726-b53e-481d-8bcc-1068aebfbb9d,Autorun Image,attack-pattern,T0895,ics,,ics-attack,execution,2,0,2,0.0105263157894736,0.0105263157894736,0.0,0.0,0.0105263157894736,3,0,1,1,13,0,0,1,1,0,0.549171346603181,-1.4967587091962289
attack-pattern--7830cfcf-b268-4ac0-a69e-73c6affbae9a,Drive-by Compromise,attack-pattern,T0817,ics,,ics-attack,initial-access,9,0,9,0.0473684210526315,0.0473684210526315,0.0,0.0,0.0478468899521531,1,0,1,1,19,0,0,1,1,0,2.962032312353883,0.49976448779338983
attack-pattern--83ebd22f-b401-4d59-8219-2294172cf916,Damage to Property,attack-pattern,T0879,ics,,ics-attack,impact,4,0,4,0.0210526315789473,0.0210526315789473,0.0,0.0,0.0210526315789473,5,0,1,1,18,0,0,1,1,0,1.184665274042775,-1.0880081504150545
attack-pattern--8535b71e-3c12-4258-a4ab-40257a1becc4,Spoof Reporting Message,attack-pattern,T0856,ics,,ics-attack,evasion | impair-process-control,6,0,6,0.031578947368421,0.031578947368421,0.0,0.0,0.031578947368421,0,0,1,2,23,0,0,1,1,0,2.7020524839750575,-0.18669691272712396
attack-pattern--85a45294-08f1-4539-bf00-7da08aa7b0ee,Exploitation of Remote Services,attack-pattern,T0866,ics,,ics-attack,initial-access | lateral-movement,12,0,12,0.0631578947368421,0.0631578947368421,0.0,0.0,0.0644736842105263,1,0,1,2,31,0,0,1,1,0,4.726088563331296,1.3552865372727847
attack-pattern--8bb4538f-f16f-49f0-a431-70b5444c7349,Default Credentials,attack-pattern,T0812,ics,,ics-attack,lateral-movement,3,0,3,0.0157894736842105,0.0157894736842105,0.0,0.0,0.0157894736842105,4,0,1,1,19,0,0,1,1,0,0.9040153777990365,-1.2756815118415339
attack-pattern--8d2f3bab-507c-4424-b58b-edc977bd215c,External Remote Services,attack-pattern,T0822,ics,,ics-attack,initial-access,10,0,10,0.0526315789473684,0.0526315789473684,0.0,0.0,0.0526315789473684,4,0,1,1,24,0,0,1,1,0,3.230454380600296,0.576609645146572
attack-pattern--8e7089d3-fba2-44f8-94a8-9a79c53920c4,Brute Force I/O,attack-pattern,T0806,ics,,ics-attack,impair-process-control,7,0,7,0.0368421052631578,0.0368421052631578,0.0,0.0,0.038755980861244,2,0,1,1,15,0,0,1,1,0,2.2628490850383,-0.1046660718795897
attack-pattern--9a505987-ab05-4f46-a9a6-6441442eec3b,Adversary-in-the-Middle,attack-pattern,T0830,ics,,ics-attack,collection,10,0,10,0.0526315789473684,0.0526315789473684,0.0,0.0,0.0530701754385964,1,0,1,1,23,0,0,1,1,0,3.3284760831203988,0.7798950447838199
attack-pattern--9f947a1c-3860-48a8-8af0-a2dfa3efde03,Exploitation for Evasion,attack-pattern,T0820,ics,,ics-attack,evasion,5,0,5,0.0263157894736842,0.0263157894736842,0.0,0.0,0.0286549707602339,1,0,1,1,24,0,0,1,1,0,1.7500066379629293,-0.513642040614774
attack-pattern--a81696ef-c106-482c-8f80-59c30f2569fb,Loss of Control,attack-pattern,T0827,ics,,ics-attack,impact,6,0,6,0.031578947368421,0.031578947368421,0.0,0.0,0.0355263157894736,2,0,1,1,15,0,0,1,1,0,1.9753257954159702,-0.35761787289613095
attack-pattern--ab390887-afc0-4715-826d-b1b167d522ae,Hooking,attack-pattern,T0874,ics,,ics-attack,execution | privilege-escalation,4,0,4,0.0210526315789473,0.0210526315789473,0.0,0.0,0.0236842105263157,0,0,1,2,7,0,0,1,1,0,1.9311221510820513,-0.7747775515440001
attack-pattern--b0628bfc-5376-4a38-9182-f324501cb4cf,Graphical User Interface,attack-pattern,T0823,ics,,ics-attack,execution,2,0,2,0.0105263157894736,0.0105263157894736,0.0,0.0,0.0105263157894736,3,0,1,1,24,0,0,1,1,0,0.6657621300993586,-1.444266967023323
attack-pattern--b14395bd-5419-4ef4-9bd8-696936f509bb,Rogue Master,attack-pattern,T0848,ics,,ics-attack,initial-access,6,0,6,0.031578947368421,0.031578947368421,0.0,0.0,0.031578947368421,0,0,1,1,12,0,0,1,1,0,1.938268201449076,-0.25043542553812265
attack-pattern--b52870cc-83f3-473c-b895-72d91751030b,Native API,attack-pattern,T0834,ics,,ics-attack,execution,4,0,4,0.0210526315789473,0.0210526315789473,0.0,0.0,0.0236842105263157,0,0,1,1,10,0,0,1,1,0,1.3157261384602956,-0.7717083924985731
attack-pattern--b5b9bacb-97f2-4249-b804-47fd44de1f95,Loss of Availability,attack-pattern,T0826,ics,,ics-attack,impact,7,0,7,0.0368421052631578,0.0368421052631578,0.0,0.0,0.0368421052631578,2,0,1,1,20,0,0,1,1,0,2.280782016422262,-0.08857340481375017
attack-pattern--b7e13ee8-182c-4f19-92a4-a88d7d855d54,Theft of Operational Information,attack-pattern,T0882,ics,,ics-attack,impact,8,0,8,0.0421052631578947,0.0421052631578947,0.0,0.0,0.043859649122807,0,0,1,1,32,0,0,1,1,0,2.8319476146064155,0.37453298892767384
attack-pattern--b9160e77-ea9e-4ba9-b1c8-53a3c466b13d,System Firmware,attack-pattern,T0857,ics,,ics-attack,persistence | inhibit-response-function,16,0,16,0.0842105263157894,0.0842105263157894,0.0,0.0,0.0852631578947368,0,0,1,2,15,0,0,1,-1,1,5.884319759244335,2.3914439208437033
attack-pattern--ba203963-3182-41ac-af14-7e7ebc83cd61,Masquerading,attack-pattern,T0849,ics,,ics-attack,evasion,8,0,8,0.0421052631578947,0.0421052631578947,0.0,0.0,0.0473684210526315,0,0,1,1,12,0,0,1,1,0,2.6842463172623066,0.29333335322759024
attack-pattern--be69c571-d746-4b1f-bdd0-c0c9817e9068,Program Download,attack-pattern,T0843,ics,,ics-attack,lateral-movement,15,0,15,0.0789473684210526,0.0789473684210526,0.0,0.0,0.0792569659442724,0,0,1,1,16,0,0,1,1,0,4.909335176219953,2.1207491517391603
attack-pattern--c267bbee-bb59-47fe-85e0-3ed210337c21,Replication Through Removable Media,attack-pattern,T0847,ics,,ics-attack,initial-access,5,0,5,0.0263157894736842,0.0263157894736842,0.0,0.0,0.0263157894736842,3,0,1,1,35,0,0,1,1,0,1.7566857102189015,-0.6081618216294551
attack-pattern--c5e3cdbc-0387-4be9-8f83-ff5c0865f377,Screen Capture,attack-pattern,T0852,ics,,ics-attack,collection,3,0,3,0.0157894736842105,0.0157894736842105,0.0,0.0,0.0157894736842105,1,0,1,1,14,0,0,1,1,0,0.9516051886030491,-1.0932640053894014
attack-pattern--c9a8d958-fcdb-40d2-af4c-461c8031651a,Hardcoded Credentials,attack-pattern,T0891,ics,,ics-attack,lateral-movement | persistence,3,0,3,0.0157894736842105,0.0157894736842105,0.0,0.0,0.0157894736842105,0,0,1,2,21,0,0,1,1,0,1.706521363079664,-0.9798542690704297
attack-pattern--cd2c76a4-5e23-4ca5-9c40-d5e0604f7101,Valid Accounts,attack-pattern,T0859,ics,,ics-attack,persistence | lateral-movement,17,0,17,0.0894736842105263,0.0894736842105263,0.0,0.0,0.0897506925207756,1,0,1,2,14,0,0,1,-1,1,6.1507599622996505,2.5759695158913325
attack-pattern--cfe68e93-ce94-4c0f-a57d-3aa72cedd618,Exploitation for Privilege Escalation,attack-pattern,T0890,ics,,ics-attack,privilege-escalation,6,0,6,0.031578947368421,0.031578947368421,0.0,0.0,0.0336842105263157,1,0,1,1,37,0,0,1,1,0,2.20828788158051,-0.19135120394742844
attack-pattern--d5a69cfb-fc2a-46cb-99eb-74b236db5061,Remote System Discovery,attack-pattern,T0846,ics,,ics-attack,discovery,7,0,7,0.0368421052631578,0.0368421052631578,0.0,0.0,0.0445820433436532,2,0,1,1,23,0,0,1,1,0,2.4543779117484323,-0.04284594088747616
attack-pattern--d67adac8-e3b9-44f9-9e6d-6c2a7d69dbe4,Connection Proxy,attack-pattern,T0884,ics,,ics-attack,command-and-control,8,0,8,0.0421052631578947,0.0421052631578947,0.0,0.0,0.0426315789473684,2,0,1,1,16,0,0,1,1,0,2.5728052585590864,0.15567914101038557
attack-pattern--e076cca8-2f08-45c9-aff7-ea5ac798b387,Standard Application Layer Protocol,attack-pattern,T0869,ics,,ics-attack,command-and-control,10,0,10,0.0526315789473684,0.0526315789473684,0.0,0.0,0.0633771929824561,1,0,1,1,35,0,0,1,1,0,3.644494243295225,0.8789884566178333
attack-pattern--e1f9cdd2-9511-4fca-90d7-f3e92cfdd0bf,Remote Services,attack-pattern,T0886,ics,,ics-attack,initial-access | lateral-movement,15,0,15,0.0789473684210526,0.0789473684210526,0.0,0.0,0.0800554016620498,0,0,1,2,15,0,0,1,1,0,5.560557138454768,2.130464293559017
attack-pattern--e33c7ecc-5a38-497f-beb2-a9a2049a4c20,Denial of Control,attack-pattern,T0813,ics,,ics-attack,impact,6,0,6,0.031578947368421,0.031578947368421,0.0,0.0,0.0336842105263157,2,0,1,1,17,0,0,1,1,0,1.9627760983654896,-0.3555498649235599
attack-pattern--e5de767e-f513-41cd-aa15-33f6ce5fbf92,Modify Alarm Settings,attack-pattern,T0838,ics,,ics-attack,inhibit-response-function,8,0,8,0.0421052631578947,0.0421052631578947,0.0,0.0,0.0421052631578947,0,0,1,1,21,0,0,1,1,0,2.68321585842213,0.31492129899307697
attack-pattern--e6c31185-8040-4267-83d3-b217b8a92f07,Commonly Used Port,attack-pattern,T0885,ics,,ics-attack,command-and-control,8,0,8,0.0421052631578947,0.0421052631578947,0.0,0.0,0.0454887218045112,0,0,1,1,18,0,0,1,1,0,2.7134045336268597,0.31433669713567525
attack-pattern--e72425f8-9ae6-41d3-bfdb-e1b865e60722,Project File Infection,attack-pattern,T0873,ics,,ics-attack,persistence,5,0,5,0.0263157894736842,0.0263157894736842,0.0,0.0,0.0263157894736842,0,0,1,1,22,0,0,1,1,0,1.7194822239347851,-0.46392012766670887
attack-pattern--ea0c980c-5cf0-43a7-a049-59c4c207566e,Network Connection Enumeration,attack-pattern,T0840,ics,,ics-attack,discovery,3,0,3,0.0157894736842105,0.0157894736842105,0.0,0.0,0.018796992481203,3,0,1,1,30,0,0,1,1,0,1.109233512112382,-1.1422250151816344
attack-pattern--ead7bd34-186e-4c79-9a4d-b65bcce6ed9d,Lateral Tool Transfer,attack-pattern,T0867,ics,,ics-attack,lateral-movement,9,0,9,0.0473684210526315,0.0473684210526315,0.0,0.0,0.0489878542510121,1,0,1,1,21,0,0,1,1,0,3.004133506975523,0.5139388964530597
attack-pattern--efbf7888-f61b-4572-9c80-7e2965c60707,Module Firmware,attack-pattern,T0839,ics,,ics-attack,persistence | impair-process-control,12,0,12,0.0631578947368421,0.0631578947368421,0.0,0.0,0.0631578947368421,0,0,1,2,15,0,0,1,1,0,4.565924780133655,1.3423540812254107
attack-pattern--f8df6b57-14bc-425f-9a91-6f59f6799307,Internet Accessible Device,attack-pattern,T0883,ics,,ics-attack,initial-access,3,0,3,0.0157894736842105,0.0157894736842105,0.0,0.0,0.0157894736842105,2,0,1,1,26,0,0,1,1,0,1.045266593740545,-1.1047594164079884
attack-pattern--fa3aa267-da22-4bdd-961f-03223322a8d5,Data from Local System,attack-pattern,T0893,ics,,ics-attack,collection,7,0,7,0.0368421052631578,0.0368421052631578,0.0,0.0,0.0368421052631578,0,0,1,1,22,0,0,1,1,0,2.36903742168369,0.058488807813928796
attack-pattern--fab8fc7d-f27f-4fbb-9de6-44740aade05f,Change Credential,attack-pattern,T0892,ics,,ics-attack,inhibit-response-function,3,0,3,0.0157894736842105,0.0157894736842105,0.0,0.0,0.0157894736842105,2,0,1,1,17,0,0,1,1,0,0.9498741345163998,-1.1477072054585478
attack-pattern--fc5fda7e-6b2c-4457-b036-759896a2efa2,Modify Program,attack-pattern,T0889,ics,,ics-attack,persistence,6,0,6,0.031578947368421,0.031578947368421,0.0,0.0,0.031578947368421,0,0,1,1,14,0,0,1,1,0,1.9594665257211084,-0.24089147241577613
campaign--46421788-b6e1-4256-b351-f8beffd1afba,2015 Ukraine Electric Power Attack,campaign,C0028,ics,,ics-attack | enterprise-attack,,0,22,22,0.1157894736842105,0.0,0.1157894736842105,0.0,0.0,2,0,2,0,34,0,1,0,-1,1,-2.5630798488292634,5.941367668720092
campaign--45a98f02-852f-49b2-94c0-c63207bebbbf,Triton Safety Instrumented System Attack,campaign,C0030,ics,,ics-attack | enterprise-attack,,0,11,11,0.0578947368421052,0.0,0.0578947368421052,0.0,0.0,1,0,2,0,40,0,1,0,1,0,-1.7962647989191727,2.1872004154006843
intrusion-set--1c63d4ec-0a75-4daa-b1df-0d11af3d3cc1,Dragonfly,intrusion-set,G0035,ics,,enterprise-attack | ics-attack,,0,3,3,0.0157894736842105,0.0,0.0157894736842105,0.0,0.0,1,0,2,0,9,0,3,2,1,0,-2.08081665842776,-0.8317254093375486
intrusion-set--f29b7c5e-2439-42ad-a86f-9f8984fafae3,HEXANE,intrusion-set,G1001,ics,,enterprise-attack | ics-attack,,0,0,0,0.0,0.0,0.0,0.0,0.0,19,0,2,0,6,0,3,2,1,0,-2.5334847273951056,-3.134130649779726
intrusion-set--fbd29c89-18ba-4c2d-b792-51c0adee049f,APT33,intrusion-set,G0064,ics,,ics-attack | enterprise-attack,,0,3,3,0.0157894736842105,0.0,0.0157894736842105,0.0,0.0,1,0,2,0,5,0,3,2,1,0,-2.123213306971824,-0.8508133155822416
intrusion-set--190242d7-73fc-4738-af68-20162f7a5aae,ALLANITE,intrusion-set,G1000,ics,,ics-attack,,0,4,4,0.0210526315789473,0.0,0.0210526315789473,0.0,0.0,1,0,1,0,8,0,3,2,1,0,-1.6415796103124098,-0.6209813311713998
intrusion-set--381fcf73-60f6-4ab2-9991-6af3cbc35192,Sandworm Team,intrusion-set,G0034,ics,,enterprise-attack | ics-attack | mobile-attack,,0,10,10,0.0526315789473684,0.0,0.0526315789473684,0.0,0.0,1,0,3,0,13,0,3,2,1,0,-2.9753046103890948,1.7729797094082658
campaign--1169ff24-b35f-4d8d-8cf3-643a2834227f,FrostyGoop Incident,campaign,C0041,ics,,ics-attack | enterprise-attack,,0,5,5,0.0263157894736842,0.0,0.0263157894736842,0.0,0.0,2,0,2,0,19,0,1,2,1,0,-1.6870894515796846,-0.08262017255795227
campaign--aa73efef-1418-4dbe-b43c-87a498e97234,2016 Ukraine Electric Power Attack,campaign,C0025,ics,,enterprise-attack | ics-attack,,0,7,7,0.0368421052631578,0.0,0.0368421052631578,0.0,0.0,1,0,2,0,34,0,1,2,1,0,-1.616335576608253,0.7580019224194213
campaign--70cab19e-1745-425e-b3db-c02cd5ff157a,Maroochy Water Breach,campaign,C0020,ics,,ics-attack,,0,12,12,0.0631578947368421,0.0,0.0631578947368421,0.0,0.0,2,0,1,0,21,0,1,0,1,0,-1.5813412097468116,2.243289785713052
campaign--8fda050f-470d-4401-994e-35c1a6c301de,Unitronics Defacement Campaign,campaign,C0031,ics,,ics-attack,,0,6,6,0.031578947368421,0.0,0.031578947368421,0.0,0.0,2,0,1,0,30,0,1,2,1,0,-1.1206624578321411,0.18538762434227557
intrusion-set--c93fccb1-e8e8-42cf-ae33-2ad1d183913a,Lazarus Group,intrusion-set,G0032,ics,,enterprise-attack | ics-attack,,0,2,2,0.0105263157894736,0.0,0.0105263157894736,0.0,0.0,1,0,2,0,13,0,3,2,1,0,-1.977538961101941,-1.1627791614964134
intrusion-set--4ca1929c-7d64-4aab-b849-badbfc0c760d,OilRig,intrusion-set,G0049,ics,,enterprise-attack | ics-attack,,0,5,5,0.0263157894736842,0.0,0.0263157894736842,0.0,0.0,1,0,2,0,6,0,3,2,1,0,-2.2343762423993168,-0.14575802221395648
campaign--df8eb785-70f8-4300-b444-277ba849083d,2022 Ukraine Electric Power Attack,campaign,C0034,ics,,enterprise-attack | ics-attack,,0,5,5,0.0263157894736842,0.0,0.0263157894736842,0.0,0.0,1,0,2,0,34,0,1,2,1,0,-1.494573479044745,0.05771860561231289
intrusion-set--3753cc21-2dae-4dfb-8481-d004e74502cc,FIN7,intrusion-set,G0046,ics,,enterprise-attack | ics-attack,,0,1,1,0.0052631578947368,0.0,0.0052631578947368,0.0,0.0,1,0,2,0,4,0,3,2,1,0,-2.012050371544332,-1.5558686089505267
intrusion-set--dd2d9ca6-505b-4860-a604-233685b802c7,Wizard Spider,intrusion-set,G0102,ics,,enterprise-attack | ics-attack,,0,1,1,0.0052631578947368,0.0,0.0052631578947368,0.0,0.0,3,0,2,0,13,0,3,2,1,0,-1.9837149933095823,-1.6504390794053
intrusion-set--9538b1a4-4120-4e2d-bf59-3b11fcab05a4,TEMP.Veles,intrusion-set,G0088,ics,,enterprise-attack | ics-attack,,0,3,3,0.0157894736842105,0.0,0.0157894736842105,0.0,0.0,1,0,2,0,10,0,3,2,1,0,-2.0702174962917437,-0.8269534327763752
intrusion-set--2a7914cf-dff3-428d-ab0f-1014d1c28aeb,FIN6,intrusion-set,G0037,ics,,enterprise-attack | ics-attack,,0,2,2,0.0105263157894736,0.0,0.0105263157894736,0.0,0.0,3,0,2,0,4,0,3,2,1,0,-2.1399885013154814,-1.3432452100523051
intrusion-set--c77c5576-ca19-42ed-a36f-4b4486a84133,GOLD SOUTHFIELD,intrusion-set,G0115,ics,,enterprise-attack | ics-attack,,0,1,1,0.0052631578947368,0.0,0.0052631578947368,0.0,0.0,1,0,2,0,15,0,3,2,1,0,-1.8954595880481548,-1.5033768667776208
intrusion-set--00f67a77-86a4-4adf-be26-1a54fc713340,APT38,intrusion-set,G0082,ics,,enterprise-attack | ics-attack,,0,1,1,0.0052631578947368,0.0,0.0052631578947368,0.0,0.0,2,0,2,0,5,0,3,2,1,0,-2.034979749903014,-1.6198557621420198
intrusion-set--a07a367a-146c-45a8-a830-d3d337b9befa,CyberAv3ngers,intrusion-set,G1027,ics,,ics-attack,,0,0,0,0.0,0.0,0.0,0.0,0.0,20,0,1,0,13,0,3,2,1,0,-1.9821018739045704,-3.304111547280412
